<?xml version="1.0" encoding="UTF-8"?>

<mule xmlns:jersey="http://www.mulesoft.org/schema/mule/jersey" xmlns:http="http://www.mulesoft.org/schema/mule/http" xmlns:mulexml="http://www.mulesoft.org/schema/mule/xml" xmlns:tracking="http://www.mulesoft.org/schema/mule/ee/tracking" xmlns:cxf="http://www.mulesoft.org/schema/mule/cxf" xmlns="http://www.mulesoft.org/schema/mule/core" xmlns:doc="http://www.mulesoft.org/schema/mule/documentation"
	xmlns:spring="http://www.springframework.org/schema/beans" 
	xmlns:xsi="http://www.w3.org/2001/XMLSchema-instance"
	xsi:schemaLocation="http://www.springframework.org/schema/beans http://www.springframework.org/schema/beans/spring-beans-current.xsd
http://www.mulesoft.org/schema/mule/core http://www.mulesoft.org/schema/mule/core/current/mule.xsd
http://www.mulesoft.org/schema/mule/http http://www.mulesoft.org/schema/mule/http/current/mule-http.xsd
http://www.mulesoft.org/schema/mule/ee/tracking http://www.mulesoft.org/schema/mule/ee/tracking/current/mule-tracking-ee.xsd
http://www.mulesoft.org/schema/mule/xml http://www.mulesoft.org/schema/mule/xml/current/mule-xml.xsd
http://www.mulesoft.org/schema/mule/cxf http://www.mulesoft.org/schema/mule/cxf/current/mule-cxf.xsd
http://www.mulesoft.org/schema/mule/jersey http://www.mulesoft.org/schema/mule/jersey/current/mule-jersey.xsd">
    <http:listener-config name="HTTP_Listener_Configuration" host="10.102.8.21" port="8185" doc:name="HTTP Listener Configuration"/>
    <flow name="ICICIFlow" processingStrategy="synchronous">
        <http:listener config-ref="HTTP_Listener_Configuration" path="/icici" doc:name="HTTP"/>
        <cxf:simple-service serviceClass="org.capgemini.loanbroker.services.BankServiceICICI" doc:name="CXF"/>
        <component class="org.capgemini.loanbroker.services.BankServiceICICI" doc:name="Java"/>
    </flow>
    <flow name="SBIFlow">
        <http:listener config-ref="HTTP_Listener_Configuration" path="/sbi/*" doc:name="HTTP"/>
        <jersey:resources doc:name="REST">
            <component class="org.capgemini.loanbroker.services.BankServiceSBI"/>
        </jersey:resources>
    </flow>
    <flow name="HDFCFlow">
        <http:listener config-ref="HTTP_Listener_Configuration" path="/hdfc/*" doc:name="HTTP"/>
        <jersey:resources doc:name="REST">
            <component class="org.capgemini.loanbroker.services.BankServiceHDFC"/>
        </jersey:resources>
    </flow>
</mule>
