<?xml version="1.0" encoding="UTF-8"?>

<mule xmlns:http="http://www.mulesoft.org/schema/mule/http" xmlns:cxf="http://www.mulesoft.org/schema/mule/cxf" xmlns="http://www.mulesoft.org/schema/mule/core" xmlns:doc="http://www.mulesoft.org/schema/mule/documentation"
	xmlns:spring="http://www.springframework.org/schema/beans" 
	xmlns:xsi="http://www.w3.org/2001/XMLSchema-instance"
	xsi:schemaLocation="http://www.springframework.org/schema/beans http://www.springframework.org/schema/beans/spring-beans-current.xsd
http://www.mulesoft.org/schema/mule/core http://www.mulesoft.org/schema/mule/core/current/mule.xsd
http://www.mulesoft.org/schema/mule/cxf http://www.mulesoft.org/schema/mule/cxf/current/mule-cxf.xsd
http://www.mulesoft.org/schema/mule/http http://www.mulesoft.org/schema/mule/http/current/mule-http.xsd">
    <http:listener-config name="HTTP_Listener_Configuration" host="localhost" port="8080" doc:name="HTTP Listener Configuration"/>
    <flow name="myfirstsoapserviceFlow">
        <http:listener config-ref="HTTP_Listener_Configuration" path="/sample" doc:name="HTTP"/>
        <set-session-variable variableName="myName" value="#[message.inboundProperties.'http.query.params'.name]" doc:name="Session Variable"/>
        <set-session-variable variableName="myDate" value="#[message.inboundProperties.'http.query.params'.dob]" doc:name="Session Variable"/>
        <set-payload value="#[['name':sessionVars.myName, 'birth' : sessionVars.myDate]]" doc:name="Set Payload"/>
        <logger message="#[payload.name] ,,,,,,,,,, #[payload.birth]" level="INFO" doc:name="Logger"/>
        <expression-component doc:name="Expression"><![CDATA[import manish.request.CustomerRequest;
import manish.model.Customer;
import java.util.Date;

payload = new CustomerRequest(new Customer(payload.name, payload.birth)), 800);]]></expression-component>
        <logger message="#[payload]" level="INFO" doc:name="Logger"/>
    </flow>
</mule>
